x1,x2,AvgSimScore,WgtAvgSimScore
1.62598E-06,0.999983627,0.922490571,0.759067537
1.31078E-16,0.999999992,0.922490571,0.759067537
3.97975E-05,0.863592492,0.923850752,0.764546932
0.066625529,0.791908846,0.930043922,0.777802658
0.173786122,0.45330048,0.976615162,0.961376618
0.252818526,0.487978093,0.985786677,0.974324253
0.876769497,0.487165316,0.98276836,0.980418967
0.287514458,0.461009443,0.990421217,0.979820736
0.473780016,0.803813048,0.985172447,0.982405665
0.993506569,0.65927369,0.991967373,0.989070276
0.355309922,0.568079694,0.99377404,0.987437533
0.889534164,0.663111235,0.993272775,0.990751309
0.911136555,0.637543659,0.993001493,0.990577279
0.254091667,0.329605847,0.993477911,0.990577679
0.365139457,0.502878538,0.994547515,0.99003215
0.337027526,0.514420031,0.994372516,0.988787144
0.448158772,0.639274003,0.991330707,0.990954163
0.327209397,0.477126391,0.994808502,0.988767859
0.425034583,0.560151748,0.995471053,0.993511623
0.401349301,0.513195394,0.995417968,0.993676079
0.327457319,0.419617258,0.995500561,0.993990481
0.34824782,0.449115133,0.995572156,0.994506003
0.365030321,0.454574278,0.995957459,0.995640515
0.440739897,0.525405547,0.998286456,0.998312247
0.547646774,0.426242557,0.99722344,0.997597794
0.732592388,0.597426405,0.997941405,0.998453077
0.380750563,0.440025969,0.998108755,0.998149025
0.377600431,0.433414443,0.998108755,0.998149025
0.375479388,0.409808576,0.998904534,0.998987003
0.384326785,0.405232105,0.998904534,0.999119548
0.384049947,0.382233548,0.998817895,0.999115633
0.369447286,0.371880292,0.998805798,0.999113105
0.369282396,0.369587531,0.998805798,0.999113105
0.389189408,0.396358242,0.998914002,0.999122958
0.533057904,0.602345635,0.999576829,0.999776924
0.429859784,0.495659887,0.998690869,0.998839645
0.453675436,0.513338805,0.998660076,0.998759102
0.45725147,0.513202306,0.998660076,0.998759102
0.663453005,0.5410361,0.998382987,0.998036859
0.710151235,0.814921005,0.998832612,0.999053818
0.722021446,0.846814201,0.998608442,0.998758545
0.67127778,0.591761189,0.998803778,0.999109865
0.609863124,0.501158448,0.99869322,0.998832879
0.595193848,0.514498691,0.998925627,0.998916195
0.618981409,0.553461881,0.999057603,0.999211281
0.532383068,0.490755853,0.999423018,0.999530946
0.532807677,0.491753219,0.999423018,0.999530946
0.54776144,0.477805458,0.999138916,0.999530946
0.687418878,0.789370268,0.998825315,0.998929672
0.579836448,0.5319929,0.999401039,0.999686413
0.574197209,0.524412039,0.999401039,0.999686363
0.514305035,0.487514498,0.999809797,0.9999245
0.518495092,0.47752299,0.999635144,0.99963005
0.515301352,0.482359207,0.999635144,0.999912029
0.728921723,0.790791067,0.999218373,0.999151148
0.564716181,0.488113489,0.999121815,0.999464596
0.397964955,0.427255632,0.999278892,0.999259063
0.606742588,0.573467638,0.999799336,0.999914693
0.605056781,0.558831162,0.99942861,0.999469318
0.81939067,0.727432555,0.999215147,0.999836296
0.760581215,0.709322054,0.999870495,0.999905301
0.763349866,0.715758845,0.999872173,0.999907548
0.771322269,0.730650768,0.999872173,0.999886664
0.84447797,0.926689379,0.999743854,0.999643816
0.567107776,0.639988252,0.999488688,0.999917891
0.59245517,0.638369807,0.99978662,0.999918874
0.403698369,0.415527706,0.999315299,0.99960602
0.404038617,0.415602799,0.999315299,0.99960602
0.409561729,0.385854905,0.999308145,0.999595718
0.629657642,0.598060838,0.999962944,0.999953602
0.897326128,0.973227158,0.999798444,0.999830418
0.511980156,0.491417054,0.999902241,0.9999245
0.518675593,0.496266644,0.999817064,0.999937051
0.512636948,0.498793486,0.999947999,0.999990412
0.511073297,0.488919568,0.999885604,0.9999245
0.552094916,0.517730813,0.999696011,0.999838619
0.554420863,0.525937317,0.999681371,0.999830179
0.543623551,0.520506103,0.999941,0.999958872
0.547702684,0.575122532,0.999944239,0.999957206
0.538600258,0.594210385,0.999576829,0.999776924
0.557424806,0.581826613,0.999936395,0.999953497
0.56179292,0.591561034,0.999937507,0.999961934
0.623163185,0.588370925,0.999911384,0.999953954
0.753174509,0.730939215,0.999894006,0.999907548
0.741708813,0.700446559,0.999906398,0.999904873
0.750949758,0.710574097,0.999906583,0.999905301
0.743070725,0.716319784,0.999906583,0.999905301
0.566415121,0.531509005,0.999500276,0.999762828
0.56707685,0.534314501,0.999500276,0.999762828
0.777609507,0.82703876,0.999804653,0.999849846
0.712657753,0.747542177,0.999937565,0.999889296
0.722503033,0.73496872,0.999956096,0.999929417
0.738727303,0.748299474,0.999938557,0.999887832
0.741073349,0.749182245,0.999938557,0.999887832
0.730257752,0.745350296,0.999954973,0.999887832
0.724281545,0.753490123,0.999937565,0.999887832
0.721566002,0.735038499,0.999956096,0.999929417
0.777170468,0.798306709,0.999919823,0.999943936
0.771150182,0.811068212,0.999806847,0.999858097
0.753553737,0.791001982,0.999784226,0.999803439
0.664921286,0.639401648,0.9998333,0.99982469
0.664387253,0.646559833,0.999942337,0.99995679
0.676379744,0.637730357,0.9998333,0.99982469
0.662970232,0.62829324,0.999832748,0.999789753
0.657295221,0.623026848,0.999832797,0.999797035
0.435935111,0.431499854,0.99995291,0.99994961
0.433068035,0.430190501,0.999954133,0.99994961
0.431978353,0.427924205,0.999951949,0.9999502
0.446022236,0.425677723,0.999926818,0.999946986
0.434756026,0.430130965,0.99995291,0.99994961
0.442250405,0.422098595,0.999927126,0.99994847
0.430890585,0.426110167,0.999953403,0.9999502
0.504712968,0.485873913,0.999916627,0.999954795
0.498956564,0.49166971,0.999988014,0.999991363
0.497349487,0.492032723,0.999989009,0.999992599
0.498020373,0.49087022,0.999989009,0.999992599
0.469361052,0.46355013,0.999950933,0.999948765
0.468041274,0.470783271,0.999950061,0.999949168
0.47467833,0.468735764,0.999950061,0.999943956
0.47123949,0.468267457,0.999950061,0.99994444
0.469739591,0.469693977,0.999950061,0.999949168
0.468316545,0.46594987,0.999950933,0.999948391
0.476312485,0.465858235,0.999950061,0.999943956
0.473923784,0.465390401,0.999950061,0.99994444
0.470656762,0.46995916,0.999950061,0.999949168
0.473182383,0.469593027,0.999950061,0.999943956
0.47812127,0.466010706,0.999923181,0.99992845
0.487562953,0.454787109,0.999810123,0.999869435
0.468583401,0.462546719,0.999951787,0.999949244
0.470109267,0.471282695,0.999950061,0.999949168
0.491641628,0.452009467,0.999810123,0.999869435
0.467345673,0.471891184,0.999945607,0.999949168
0.486921579,0.459300917,0.999810123,0.999869435
0.478804955,0.458466118,0.999810123,0.999890738
0.472322756,0.467214808,0.999950061,0.99994444
0.470283581,0.465689302,0.999950933,0.99994444
0.473282565,0.470014688,0.999950061,0.999943956
0.471199824,0.467428562,0.999950061,0.99994444
0.467303648,0.465000613,0.999951255,0.999949244
0.475029963,0.462985002,0.999950061,0.999928944
0.468973538,0.467926883,0.999950933,0.999949168
0.472958952,0.467185787,0.999950061,0.99994444
0.480255581,0.465015328,0.99984097,0.999890224
0.47663393,0.467478522,0.999950061,0.999943956
0.467410765,0.46832921,0.999950933,0.999949168
0.469691463,0.469826474,0.999950061,0.999949168
0.469763228,0.472068218,0.999948908,0.999949168
0.473066441,0.466063562,0.999950061,0.99994444
0.473110676,0.467707875,0.999950061,0.99994444
0.474559536,0.468016878,0.999950061,0.999943956
0.468326021,0.464308904,0.999951255,0.999948765
0.471226926,0.466428664,0.999950669,0.99994444
0.47293541,0.472109369,0.999950061,0.999948683
0.474651979,0.468273911,0.999950061,0.999943956
0.474760941,0.466877635,0.999950061,0.99994444
0.469028397,0.465099017,0.999950933,0.999948391
0.485208524,0.461118512,0.999810123,0.999869435
0.471419349,0.462962938,0.999950933,0.999943962
0.50155542,0.49672411,0.99998692,0.999988905
0.501097353,0.494719805,0.999988014,0.999988905
0.505487404,0.492243434,0.999935307,0.999988905
0.503912792,0.494867071,0.99998692,0.999988905
0.497943346,0.495055264,0.999988014,0.999991372
0.504642937,0.490722404,0.999935307,0.999988905
0.502332015,0.493662374,0.999988014,0.999988905
0.498507786,0.493342051,0.999988014,0.999991363
0.501997314,0.493262457,0.999988014,0.999988905
0.5,0.494762328,0.999988014,0.999988905
0.469162481,0.460200989,0.999952513,0.999950507
0.468986148,0.460115813,0.999952513,0.999950507
0.469326394,0.459526472,0.999952513,0.999950507
0.485155124,0.500941616,0.999980325,0.999988201
0.513317041,0.50654152,0.999989827,0.999989482
0.487247072,0.470246943,0.999868233,0.999892995
0.486588651,0.51202876,0.999976118,0.999983328
0.491490031,0.507462277,0.999976118,0.999983328
0.489206879,0.509625794,0.999976118,0.999983328
0.48530933,0.505731834,0.999979806,0.999985516
0.488293795,0.483412679,0.999964036,0.999949557
0.485441055,0.480961452,0.999967234,0.999949557
0.48878044,0.485042263,0.999964036,0.999949194
0.481061526,0.487732103,0.999967112,0.999949557
0.484329319,0.484210005,0.999967112,0.999949557
0.49777484,0.480819427,0.999962808,0.999957059
0.486248268,0.482942264,0.999964281,0.999949557
0.48363479,0.485088594,0.999967112,0.999949557
0.486537038,0.48584332,0.999964036,0.999949194
0.484054985,0.484078613,0.999967112,0.999949557
0.488699592,0.485476402,0.999964036,0.999949194
0.481946556,0.4856984,0.999967112,0.999949557
0.488680064,0.483353851,0.999964036,0.999949557
0.482470837,0.481729512,0.999957196,0.999949763
0.500957798,0.475051617,0.999897472,0.999873404
0.488309465,0.485514445,0.999964036,0.999949194
0.494819132,0.482134465,0.99996352,0.999936535
0.483449633,0.478744033,0.999957196,0.999949482
0.483886104,0.482166824,0.999967234,0.999949557
0.482636123,0.481224037,0.999957196,0.999949763
0.492431843,0.484575869,0.99996352,0.999949283
0.488445018,0.478358234,0.999964281,0.999949557
0.485272585,0.483554419,0.999967112,0.999949557
0.489365193,0.486016084,0.99996352,0.999949194
0.482833933,0.480927238,0.999957196,0.999949763
0.481573249,0.487018459,0.999967112,0.999949557
0.480887976,0.482472384,0.999957196,0.999949763
0.482842668,0.483166924,0.999967234,0.999949557
0.501593112,0.475327497,0.999897472,0.999892102
0.483348211,0.482861522,0.999967234,0.999949557
0.482842119,0.480246144,0.999957196,0.999949763
0.486954442,0.482677668,0.999964281,0.999949557
0.893042443,0.930082073,0.999842708,0.999880263
0.722833868,0.71369619,0.99998821,0.999969756
0.71601593,0.703486932,0.999991114,0.999978987
0.720650056,0.704586791,0.999991114,0.999976588
0.443404062,0.439182891,0.999946736,0.999945186
0.441975899,0.449434308,0.999945518,0.999943139
0.446409026,0.442002353,0.999945539,0.999944738
0.44654045,0.440746785,0.999945699,0.999944791
0.445039917,0.438434345,0.999946736,0.999945186
0.446495842,0.438135817,0.999946736,0.999945343
0.447265523,0.442672592,0.999945539,0.999944575
0.44165513,0.444399011,0.999946736,0.999945343
0.439690214,0.450326202,0.999945539,0.99994316
0.444667696,0.444401629,0.999945539,0.999944738
0.445213215,0.439168298,0.999946736,0.999945343
0.444479893,0.438178213,0.999946736,0.999945186
0.442615964,0.439877072,0.999946736,0.999945186
0.444189937,0.439695393,0.999946736,0.999945343
0.44806041,0.443274027,0.999945518,0.999944575
0.443773686,0.437717233,0.999946736,0.999945186
0.450596957,0.439275632,0.999945539,0.999944575
0.444286856,0.440624335,0.999946736,0.999945343
0.449029895,0.440953277,0.999945539,0.999944575
0.443410115,0.439536596,0.999946736,0.999945186
0.44436445,0.441802358,0.999946736,0.999945343
0.445041519,0.440291238,0.999946736,0.999945343
0.443774473,0.438520646,0.999946736,0.999945186
0.444971771,0.443750465,0.999945539,0.999944738
0.445661458,0.437509719,0.999946736,0.999945186
0.444488971,0.441602778,0.999946736,0.999945343
0.446514673,0.442666883,0.999945539,0.999944738
0.445679819,0.439869261,0.999946736,0.999945343
0.44354944,0.441598703,0.999946736,0.999945343
0.45179229,0.438578346,0.999945539,0.999944575
0.443872794,0.441827442,0.999946736,0.999945343
0.447594011,0.443227223,0.999945539,0.999944575
0.445757638,0.438687991,0.999946736,0.999945343
0.441059835,0.444584351,0.999946736,0.999945343
0.443773832,0.439813459,0.999946736,0.999945186
0.4426035,0.441971061,0.999946736,0.999945343
0.443400949,0.439348755,0.999946736,0.999945186
0.495241042,0.509846811,0.999976118,0.999984384
0.479773629,0.476682906,0.999956512,0.999951264
0.465158413,0.484925625,0.999946138,0.999944002
0.47909159,0.478828218,0.999956785,0.999951264
0.473760432,0.474767192,0.999952016,0.999951464
0.474798231,0.4769524,0.999953209,0.999951124
0.474199477,0.475364257,0.999952273,0.999951464
0.480886342,0.473199181,0.999956512,0.999951264
0.479673518,0.476019013,0.999956512,0.999951264
0.475672083,0.471734662,0.999950444,0.999949606
0.471365219,0.474841424,0.999945607,0.999950471
0.482856488,0.474288188,0.999956785,0.999951264
0.464606274,0.482932604,0.999944532,0.999944002
0.48167268,0.474962912,0.999956512,0.999951264
0.480657931,0.47579897,0.999956512,0.999951264
0.483376153,0.474392878,0.999956785,0.999951264
0.470934894,0.483549416,0.99994784,0.999950124
0.476280194,0.481078123,0.999956785,0.999951437
0.477655355,0.476643832,0.999956512,0.999951437
0.474230084,0.481110262,0.999951211,0.999951437
0.47208345,0.483765396,0.99994784,0.999949544
0.474862346,0.472330734,0.999950444,0.999949606
0.482484088,0.476012319,0.999956785,0.99994959
0.479721255,0.472645495,0.999954937,0.99995011
0.468117037,0.481986346,0.999946138,0.999949938
0.474454797,0.47478657,0.999952273,0.999951464
0.471788072,0.47389915,0.999948908,0.999950471
0.89491289,0.879041177,0.999963872,0.999961764
0.901895805,0.849430869,0.999906262,0.999891303
0.894477929,0.888404229,0.999963872,0.999961764
0.90645099,0.857697942,0.999906262,0.999891303
0.915097949,0.86405974,0.999901777,0.999891303
0.914254545,0.876563937,0.999901777,0.999913292
0.492000793,0.495198636,0.999997063,0.999994869
0.489110885,0.490639379,0.999975927,0.99995066
0.493076342,0.486989698,0.999995363,0.999994673
0.493329082,0.492668357,0.999997063,0.999994869
0.490971779,0.490247373,0.999997049,0.999994673
0.486695416,0.491588094,0.999966555,0.99995066
0.48430924,0.48927304,0.999964036,0.999949194
0.494011655,0.491154234,0.999996976,0.999995047
0.494066277,0.486839988,0.999995363,0.999994673
0.487718033,0.488209414,0.99996352,0.999949283
0.48682698,0.491281207,0.999966555,0.99995066
0.491822798,0.486695809,0.999973352,0.999949717
0.49410684,0.489760358,0.999997077,0.999994636
0.492507782,0.492119125,0.999996976,0.999995047
0.484235041,0.493173756,0.999966555,0.99995066
0.491021947,0.490692352,0.999997049,0.999994673
0.492937847,0.493352785,0.999997063,0.999994869
0.489553386,0.492707376,0.999997049,0.999994673
0.489719583,0.498962383,0.999980325,0.999988201
0.466477313,0.465585746,0.999952185,0.999949244
0.460828967,0.470234388,0.999947567,0.999944839
0.456978347,0.477835453,0.999925499,0.99993274
0.464860178,0.473194373,0.999942323,0.999942741
0.467131235,0.464217778,0.999951787,0.999949244
0.461876518,0.473977344,0.999942857,0.999942741
0.462206789,0.473060866,0.999942857,0.999942741
0.414068992,0.410383817,0.999821278,0.999868438
0.424148083,0.409622129,0.999849499,0.999908179
0.415943159,0.40826797,0.999821278,0.999868438
0.475404269,0.486733362,0.999957196,0.99995082
0.478991319,0.480372431,0.999956785,0.99994959
0.479560922,0.480936101,0.999956785,0.999949663
0.479344881,0.479876292,0.999956785,0.99994959
0.448770066,0.445433294,0.999945171,0.999944751
0.449928956,0.447335273,0.99994609,0.999944751
0.455346399,0.438376278,0.999945171,0.99994475
0.449031991,0.445035621,0.999945171,0.999944751
0.447812251,0.44543951,0.999945402,0.99994475
0.456564049,0.439546473,0.999945683,0.999944751
0.446462349,0.447971132,0.999945683,0.999944751
0.450051577,0.445163866,0.999945683,0.999944751
0.449338887,0.447341894,0.999945815,0.999944751
0.431756388,0.462575526,0.999848366,0.999907238
0.453018795,0.441983556,0.999945171,0.999944751
0.447910615,0.447203196,0.999945683,0.999944751
0.446523888,0.447256461,0.999945402,0.99994475
0.448770164,0.443700396,0.999945402,0.99994475
0.449646221,0.445757926,0.999945683,0.999944751
0.449790713,0.446208986,0.999945683,0.999944751
0.446525299,0.446651775,0.999945402,0.99994475
0.450410272,0.447952527,0.99994609,0.999944751
0.44798128,0.44840674,0.999945815,0.999944751
0.451504492,0.444694986,0.999945683,0.999944751
0.453920174,0.4441189,0.99994609,0.999944751
0.450182025,0.447725847,0.99994609,0.999944751
0.451840009,0.445673508,0.99994609,0.999944751
0.451795885,0.446255366,0.99994609,0.999944751
0.441569104,0.439697013,0.999946736,0.999945733
0.435514987,0.436159821,0.99995291,0.99994847
0.43654364,0.43569063,0.99995291,0.99994847
0.441194744,0.43778613,0.999947516,0.999945733
0.435607134,0.436104225,0.99995291,0.99994847
0.428096323,0.437923558,0.999944823,0.999942249
0.438199136,0.437081281,0.999951597,0.99994847
0.442390103,0.437713345,0.999947516,0.999945733
0.432824573,0.434526853,0.99995291,0.99994961
0.438568946,0.433267358,0.99995291,0.99994847
0.437118792,0.439220927,0.999951597,0.99994847
0.427975949,0.442874288,0.999943188,0.999942249
0.43749948,0.432557727,0.99995291,0.99994847
0.426733944,0.440003756,0.999944823,0.999942249
0.437593218,0.4335677,0.99995291,0.99994847
0.439923618,0.434735729,0.999951597,0.999946986
0.440620916,0.436446783,0.999949058,0.999946885
0.440255183,0.435135728,0.999950253,0.999946986
0.439071083,0.433748723,0.99995291,0.99994847
0.442374476,0.437047356,0.999947516,0.999945733
0.442302978,0.437698437,0.999947516,0.999945733
0.441982046,0.438868061,0.999946736,0.999945733
0.43441445,0.440557137,0.99995291,0.99994847
0.437645047,0.432624826,0.99995291,0.99994847
0.438741633,0.440541887,0.999947516,0.999946351
0.432622691,0.439893304,0.99995291,0.99994961
0.46438131,0.464959084,0.999952513,0.999950507
0.466105539,0.462677755,0.999952513,0.999950507
0.467635325,0.461423741,0.999952513,0.999950507
0.467130783,0.461069885,0.999952513,0.999950507
0.467869618,0.460881062,0.999952513,0.999950507
0.776836984,0.759497565,0.999948411,0.999961735
0.790189108,0.779080236,0.99995059,0.999942576
0.790385801,0.779061574,0.99995059,0.999942576
0.772691466,0.763140111,0.999948411,0.999965593
0.791399134,0.763612163,0.999954956,0.999954362
0.765852781,0.761893414,0.999950637,0.999965593
0.768770703,0.77193361,0.999955245,0.999965593
0.766262608,0.77784303,0.999955245,0.999948111
0.493044301,0.496937116,0.999989078,0.999993255
0.422328954,0.417331322,0.999849499,0.999912385
0.426596982,0.425356735,0.999856176,0.999948966
0.419048892,0.427677556,0.999853287,0.999923723
0.426433289,0.421805328,0.99985712,0.999931806
0.495864249,0.498523623,0.999987561,0.99999177
0.500729074,0.498596708,0.999992118,0.999988905
0.500477704,0.500692293,0.999991239,0.999990795
0.499924923,0.5,0.999992118,0.999990795
0.496831949,0.504100573,0.999986265,0.999990266
0.49482781,0.499916466,0.999976865,0.99999177
0.498638607,0.49913441,0.999993132,0.999990747
0.419712632,0.440249808,0.999855737,0.999943021
0.42789621,0.42944643,0.999953403,0.9999502
0.416505197,0.441287775,0.999855737,0.999943021
0.468996948,0.443650864,0.999948685,0.999949176
0.459422769,0.453638156,0.999951247,0.999951239
0.450152681,0.450434877,0.99994609,0.999944657
0.455892428,0.451319564,0.999949985,0.999949985
0.456460206,0.451865356,0.999949985,0.999949985
0.449865529,0.457889889,0.999949985,0.999948741
0.450769845,0.451064779,0.99994609,0.999944657
0.452589379,0.448673057,0.99994609,0.999944657
0.464797037,0.452656223,0.999952007,0.999951591
0.452661072,0.45050359,0.999945665,0.999944657
0.44822381,0.452860015,0.999947394,0.999943042
0.454981244,0.453417231,0.999949985,0.999949985
0.45674788,0.452949007,0.999949985,0.999949985
0.459468839,0.44356212,0.999945665,0.999944657
0.457423757,0.453899465,0.999950305,0.999949985
0.456320014,0.456936755,0.999951247,0.999951239
0.455869333,0.4570055,0.999951247,0.999951239
0.453651915,0.450898064,0.999946999,0.999946844
0.462044973,0.45439783,0.999952166,0.999951113
0.453244874,0.449023835,0.99994609,0.999944657
0.457226395,0.45437092,0.999950305,0.999949985
0.45313431,0.448854645,0.99994609,0.999944657
0.453727296,0.447473996,0.99994609,0.999944657
0.454820813,0.45316782,0.999949985,0.999949985
0.445548469,0.459021764,0.999880996,0.999929515
0.456160088,0.443691671,0.99994609,0.999944657
0.454755158,0.450219539,0.999946999,0.999947283
0.452472576,0.448250397,0.99994609,0.999944657
0.457271193,0.453389752,0.999949985,0.999949985
0.455114118,0.446610665,0.99994609,0.999944657
0.446492756,0.452067994,0.99994609,0.999943139
0.459243974,0.455127064,0.999951774,0.999951239
0.444210173,0.464616102,0.999857168,0.999911832
0.465874756,0.45177317,0.999952007,0.999951591
0.452854338,0.454479215,0.999949985,0.999949985
0.459434843,0.450789118,0.999949985,0.999949985
0.454599848,0.452876282,0.999949985,0.999949985
0.452518093,0.449251923,0.99994609,0.999944657
0.456234665,0.451567867,0.999949985,0.999949985
0.460785586,0.4410426,0.999945665,0.999944657
0.456664699,0.455380678,0.999950305,0.999949985
0.441605126,0.45727747,0.999875061,0.999925574
0.453703607,0.453101632,0.999949985,0.999949985
0.456229419,0.455460233,0.999950305,0.999949985
0.457934752,0.453503572,0.999950305,0.999949985
0.461774435,0.452893027,0.999951774,0.999950198
0.456533793,0.451123261,0.999949985,0.999949985
0.457689047,0.457035899,0.999951774,0.999951239
0.451722772,0.456843535,0.999949985,0.999948741
0.456006213,0.45154157,0.999949985,0.999949985
0.456842285,0.452955407,0.999949985,0.999949985
0.456788845,0.450371165,0.999949985,0.999949985
0.455557911,0.448607209,0.999945665,0.999945465
0.460660485,0.453319392,0.999951247,0.999950198
0.445955622,0.46411353,0.999857168,0.999911832
0.44968243,0.451687077,0.99994609,0.999944657
0.456941608,0.452689193,0.999949985,0.999949985
0.453758619,0.452735924,0.999949985,0.999949985
0.789358847,0.793716337,0.999928611,0.999943936
0.787465736,0.803472648,0.999920306,0.999943936
0.788849615,0.796517595,0.999920306,0.999943936
0.788459029,0.787746499,0.999928611,0.999943936
0.464713533,0.462994935,0.999952513,0.999950507
0.461144583,0.465248886,0.999953476,0.999952373
0.461941548,0.464131144,0.999953476,0.999952373
0.465552854,0.460677966,0.999953476,0.999952373
0.462247967,0.463159428,0.999953476,0.999952373
0.465234436,0.462382127,0.999952513,0.999950507
0.462131581,0.463778548,0.999953476,0.999952373
0.46364507,0.463816354,0.999953476,0.999951442
0.464730963,0.462397252,0.999953476,0.999951442
0.464879223,0.462973959,0.999952513,0.999950507
0.462124763,0.464793044,0.999953476,0.999952373
0.467543464,0.458860248,0.999953476,0.999951442
0.497956431,0.505642736,0.999986265,0.999991332
0.510517521,0.50061695,0.999988739,0.999990412
0.504927928,0.500315015,0.999991239,0.999989073
0.500317623,0.503032568,0.999992327,0.999989785
0.50168865,0.505410379,0.999992327,0.999991332
0.502703932,0.504846314,0.999992327,0.999991332
0.501778343,0.504789162,0.999992327,0.999991332
0.504279805,0.500430976,0.999991239,0.999989073
0.501275173,0.502262575,0.999991239,0.999989785
0.498970322,0.506175271,0.999992327,0.999991332
0.503554397,0.505108172,0.999992327,0.999991332
0.505664983,0.501376802,0.999991239,0.999990992
0.501555888,0.503927556,0.999992327,0.999991332
0.501244441,0.505801293,0.999992327,0.999991332
0.502920025,0.504113624,0.999992327,0.999991332
0.506158892,0.50395643,0.999992327,0.999991332
0.504179901,0.501111823,0.999991239,0.999990992
0.500876875,0.505182338,0.999992327,0.999991332
0.669173154,0.705375682,0.999928789,0.999935472
0.705615547,0.717102001,0.999991114,0.999954207
0.714860816,0.721245827,0.999981409,0.999951949
0.706008316,0.723857097,0.999981409,0.999954207
0.718304144,0.723105478,0.999981409,0.999951949
0.503323336,0.507282255,0.999992327,0.999991332
0.507883331,0.507149692,0.999989308,0.999991332
0.505421498,0.506160854,0.999992327,0.999991332
0.507202229,0.510020109,0.999989308,0.999989185
0.501967532,0.511372431,0.999991981,0.999991332
0.503101695,0.517807017,0.999988822,0.999975397
0.50878409,0.505836613,0.999989308,0.999991332
0.505538713,0.509630095,0.999989308,0.999991332
0.503399596,0.511713551,0.999991981,0.999991332
0.506133036,0.50835465,0.999989308,0.999991332
0.501258634,0.514372226,0.999991981,0.999991332
0.511586588,0.505553014,0.999990868,0.999991142
0.461325833,0.457732475,0.99995419,0.999951591
0.465265508,0.459207094,0.999953476,0.999952373
0.455292419,0.462795287,0.999954633,0.999952656
0.460106785,0.457286963,0.999954633,0.999951591
0.457620965,0.459628077,0.999954633,0.999952656
0.463791848,0.459905644,0.999953476,0.999952373
0.459136692,0.463069628,0.999953476,0.999952373
0.462131092,0.45780403,0.99995419,0.999952066
0.462775035,0.460666218,0.999953476,0.999952373
0.460975888,0.45859793,0.99995419,0.999952066
0.464815111,0.45859249,0.999953476,0.999952373
0.453518742,0.471593411,0.999855031,0.999910595
0.462654288,0.460889863,0.999953476,0.999952373
0.459758371,0.461417423,0.99995419,0.999952066
0.447839605,0.470213619,0.999859467,0.999909501
0.466053328,0.458336188,0.999953476,0.999952373
0.443986233,0.477360917,0.999859467,0.999846203
0.454632105,0.462349974,0.999954633,0.999952656
0.458326071,0.458830208,0.999954633,0.999952656
0.462631378,0.457522083,0.99995419,0.999952066
0.456065969,0.461702625,0.999954633,0.999952656
0.458012584,0.466177183,0.999953476,0.999952373
0.461049261,0.45655578,0.999954633,0.999951591
0.458659788,0.459298003,0.999954633,0.999952656
0.463668616,0.458742604,0.999953476,0.999952373
0.461676379,0.462640615,0.999953476,0.999952373
0.462157513,0.459982205,0.999953476,0.999952373
0.443368297,0.478724757,0.999859467,0.999846203
0.463343443,0.460874836,0.999953476,0.999952373
0.46020871,0.458113059,0.999954633,0.999951591
0.463871125,0.458880457,0.999953476,0.999952373
0.462650018,0.458491518,0.999953476,0.999952066
0.462467921,0.455802389,0.99995419,0.999951591
0.664307802,0.695426163,0.999909831,0.999935472
0.640130027,0.686754808,0.999854901,0.999884182
0.653547195,0.684364448,0.999880016,0.999899742
0.664407939,0.697011228,0.999909831,0.999935472
0.628413271,0.676093,0.999846175,0.999900003
0.673173315,0.685287758,0.999928789,0.999943398
0.672898894,0.678469197,0.999942347,0.999941517
0.655636915,0.685743939,0.999880016,0.999899742
0.650940285,0.683331146,0.999880016,0.999899742
0.821337914,0.84963417,0.99992983,0.999940707
0.835571787,0.83898887,0.999954894,0.99995436
0.841287832,0.865674142,0.999900325,0.999945909
0.840800637,0.802805584,0.999908188,0.999911859
0.815779068,0.82674746,0.999947114,0.99993923
0.836730659,0.788622815,0.999908188,0.999911859
0.811478917,0.828281478,0.999947114,0.99993923
0.827837355,0.826261762,0.999954726,0.999951903
0.525107859,0.539457835,0.999974106,0.999985881
0.523140675,0.530570206,0.9999852,0.99999168
0.52384166,0.534461312,0.999963789,0.999985848
0.525205258,0.529582027,0.9999852,0.99999168
0.52145627,0.541024326,0.999965405,0.999985881
0.518023075,0.540702411,0.999963789,0.999985848
0.525583008,0.529869084,0.9999852,0.99999168
0.524390268,0.529031962,0.9999852,0.99999168
0.521798485,0.535761377,0.999963789,0.999985848
0.526607385,0.530895622,0.9999852,0.99999168
0.799899024,0.805625148,0.99992028,0.999931035
0.70332537,0.704765349,0.999986231,0.999967097
0.711497691,0.687420532,0.99997473,0.999967097
0.702473642,0.703025651,0.999982282,0.999967097
0.700321911,0.704395985,0.999982282,0.999967097
0.709546454,0.70528391,0.999991114,0.999977359
0.703998533,0.692656404,0.999971066,0.999962694
0.908152123,0.944998722,0.999905834,0.999914149
0.915260101,0.927125733,0.999976409,0.999960959
0.497123949,0.536339738,0.999953004,0.999947055
0.516427084,0.534706125,0.99995352,0.999985848
0.513019437,0.530942333,0.999953021,0.999983243
0.502724592,0.528700245,0.999953004,0.99994578
0.543003097,0.526001579,0.999941,0.999958196
0.873967048,0.886455223,0.999947348,0.999956785
0.874807122,0.865570341,0.999961754,0.999955779
0.864567622,0.873924068,0.99994878,0.999955779
0.884443189,0.874945031,0.999964168,0.999961764
0.837372442,0.82346582,0.999957876,0.999951903
0.531714108,0.523951846,0.999978101,0.999992486
0.530351279,0.520783127,0.999978101,0.999992486
0.533030654,0.530144285,0.999977742,0.999991275
0.528728752,0.526032362,0.999989687,0.999991448
0.532997684,0.522650377,0.999978101,0.999992486
0.533028976,0.523231886,0.999978101,0.999992486
0.534697563,0.518634481,0.999978101,0.999978381
0.529853331,0.522007282,0.999978101,0.999992486
0.53216905,0.532060237,0.999976623,0.999991275
0.535147004,0.517691993,0.999978101,0.999978381
0.53648862,0.517031684,0.999978101,0.999978381
0.531447835,0.511886728,0.999976454,0.999977331
0.599397343,0.621606855,0.999933771,0.999947421
0.60476562,0.616793532,0.999976406,0.999987128
0.607037209,0.612450603,0.999976406,0.999987128
0.614590434,0.616697794,0.99997684,0.9999944
0.601221895,0.626689551,0.999933771,0.999918874
0.606922748,0.629874121,0.99993309,0.999951171
0.612724096,0.617762533,0.99997684,0.999987128
0.61151379,0.620749038,0.99997684,0.999987128
0.610327766,0.616447941,0.999976406,0.999987128
0.604733107,0.608744193,0.999974221,0.999991828
0.545184883,0.551772755,0.999988095,0.999990602
0.550794581,0.546316728,0.99998933,0.999990602
0.536554668,0.560662207,0.999958129,0.999977588
0.544785562,0.54903644,0.999988095,0.999990602
0.546855736,0.549385133,0.999988095,0.999990602
0.547207598,0.547495447,0.999988095,0.999990602
0.932115739,0.919895097,0.999980382,0.999980193
0.940231711,0.941798562,0.9999816,0.999989468
0.947071381,0.924473406,0.999981486,0.999986219
0.542536841,0.545409455,0.999988261,0.999991048
0.548040861,0.537659365,0.999982833,0.999991393
0.537978279,0.546182988,0.999988692,0.999991393
0.544022691,0.544475369,0.999988261,0.999991048
0.532331376,0.558626812,0.999961834,0.999982697
0.527910282,0.549819396,0.999974556,0.999982241
0.54115197,0.54355506,0.999988692,0.999991393
0.53869195,0.546500023,0.999988692,0.999991393
0.540844618,0.545114966,0.999988692,0.999991393
0.537456759,0.535647247,0.999967372,0.999993241
0.536067733,0.540816099,0.999988588,0.999991449
0.534225605,0.555742589,0.999975055,0.999982697
0.542926381,0.546278105,0.999988261,0.999991048
0.540962663,0.535638681,0.99996738,0.999992922
0.54839647,0.539423806,0.999982833,0.999991393
0.534309893,0.548035037,0.99997649,0.999982863
0.536915462,0.535776021,0.999967372,0.999993241
0.646674082,0.629143055,0.99990606,0.999911217
0.625792986,0.642116086,0.999977595,0.999968248
0.615840037,0.640836222,0.999970331,0.999974346
0.61746918,0.606145024,0.999967444,0.99998498
0.630746441,0.617492247,0.999961985,0.999991519
0.624788477,0.627118764,0.999976751,0.999991519
0.62726042,0.613384247,0.99996423,0.999994261
0.636042286,0.624460165,0.999966183,0.999978625
0.617353177,0.615231531,0.999979172,0.9999944
0.636668378,0.627277455,0.999977001,0.999978625
0.633477632,0.624021129,0.999966183,0.999978625
0.620569005,0.616730744,0.999978589,0.9999944
0.62212874,0.6136608,0.999978589,0.9999944
0.620778011,0.627284522,0.999978515,0.999992754
0.630909738,0.619988956,0.999961985,0.999991519
0.633362878,0.644339264,0.999977553,0.999981957
0.636936045,0.645553683,0.999977553,0.999982312
0.642864503,0.639198337,0.999977553,0.999982312
0.555588918,0.551893858,0.999988226,0.999991222
0.550226993,0.553038625,0.999988226,0.999991317
0.565042085,0.544945813,0.999946363,0.999877437
0.555002811,0.553763383,0.999988226,0.999990478
0.547724104,0.561372176,0.999968678,0.999985707
0.546236249,0.559796757,0.999968678,0.999985707
0.552027888,0.5506528,0.999988226,0.999991317
0.549360379,0.559111451,0.999968678,0.999985707
0.685095818,0.676531971,0.999939686,0.999953663
0.683176554,0.686088036,0.999939686,0.999953663
0.681329802,0.695652304,0.999928789,0.999945427
0.700645945,0.669549414,0.999933706,0.999963194
0.682094995,0.702899116,0.999927777,0.999945427
0.965007199,0.96666804,0.99999393,0.999997122
0.95540622,0.957538465,0.999994492,0.999997159
0.956854877,0.965127151,0.999994492,0.999997159
0.952016785,0.95952748,0.999994492,0.999997159
0.955207218,0.963090194,0.999994492,0.999997159
0.944446175,0.954786047,0.999990506,0.999993604
0.936368799,0.990766948,0.999920191,0.999958257
0.962759273,0.953844405,0.999994492,0.999997159
0.526435994,0.526666468,0.999989323,0.99999168
0.527575485,0.524544815,0.999989687,0.999991448
0.514768445,0.51028128,0.999989886,0.999989009
0.51225084,0.512305271,0.999990605,0.999990981
0.51553741,0.508486018,0.999989886,0.999989009
0.521398494,0.504939935,0.999932657,0.999962697
0.524271482,0.513334984,0.999992014,0.999991116
0.518612205,0.513836785,0.999990679,0.99999277
0.518194204,0.509776073,0.999989886,0.999989009
0.516221437,0.511751857,0.999989886,0.999989009
0.527673421,0.508417357,0.999925666,0.999991116
0.520313629,0.512673781,0.999990679,0.99999277
0.51282052,0.513488831,0.999990605,0.999990387
0.523412234,0.512102386,0.999992014,0.999991116
0.519058513,0.511961142,0.999990679,0.99999277
0.51454307,0.513785546,0.999990605,0.999990387
0.524123974,0.505629622,0.999932657,0.999965115
0.520013125,0.507252313,0.999989886,0.999989009
0.517158607,0.515514155,0.999991289,0.999993675
0.562136549,0.561678589,0.999989423,0.99998823
0.561562375,0.563885121,0.999987144,0.99998823
0.561025956,0.556858458,0.999989011,0.99998823
0.552021604,0.565679318,0.999969082,0.99998478
0.559259263,0.555182957,0.999989001,0.999988743
0.561020166,0.560651056,0.999989325,0.99998823
0.561301231,0.563608289,0.999987144,0.99998823
0.555575972,0.562867204,0.999969082,0.999989529
0.549909052,0.569735766,0.999969082,0.999975208
0.560939263,0.55373592,0.999989001,0.999988743
0.562910569,0.556610193,0.999989011,0.99998823
0.558161448,0.557396218,0.999989001,0.999989985
0.557333932,0.564822334,0.999970078,0.99998823
0.552247571,0.561060435,0.999968621,0.999984919
0.558220488,0.564368052,0.999983538,0.99998823
0.566349476,0.56315227,0.999988746,0.999986173
0.569978363,0.558664344,0.999988746,0.999986173
0.565899181,0.56478761,0.999988746,0.999986173
0.631121105,0.657569578,0.999939235,0.999959975
0.641682821,0.648987596,0.999974901,0.999978965
0.978097228,0.974787131,0.99999525,0.999995846
0.988237383,0.983859346,0.999996876,0.999997066
0.972737036,0.976611569,0.99999525,0.999995946
0.999800943,0.973322562,0.999996876,0.999992375
0.50827948,0.514307068,0.999989957,0.999989608
0.510827699,0.510988417,0.999989957,0.999990954
0.590547374,0.591006441,0.999988503,0.999992447
0.586405913,0.586197633,0.999988793,0.999986815
0.585062087,0.599555132,0.999988448,0.999992447
0.593208117,0.593970324,0.999988448,0.999992477
0.588774615,0.591707974,0.999988503,0.999992447
0.580435482,0.599058581,0.999988503,0.999992447
0.589105454,0.594377993,0.999988503,0.999992447
0.595327031,0.57918225,0.999954875,0.999982046
0.595076154,0.581255904,0.999954875,0.999982046
0.580550723,0.594179344,0.999990072,0.999991731
0.598599869,0.580140057,0.999954875,0.999982046
0.648970848,0.660746085,0.999973035,0.999952632
0.656254761,0.667787153,0.999950693,0.9999549
0.656140691,0.665806648,0.999951913,0.9999549
0.652433907,0.65714029,0.999980579,0.999960964
0.663496682,0.663924738,0.999950693,0.999962131
0.674181146,0.661282349,0.999952188,0.999956531
0.660524591,0.650904295,0.999980579,0.99995679
0.662895308,0.663599382,0.999950693,0.999962131
0.607302762,0.597200919,0.999985696,0.999992814
0.600806057,0.596972369,0.999985696,0.999992814
0.593032532,0.60340456,0.999989,0.999989274
0.595630768,0.600295459,0.999989,0.999992487
0.601467897,0.589912397,0.999980193,0.999992814
0.598009155,0.602965408,0.999989,0.999992814
0.589080465,0.609443441,0.999989,0.999989274
0.60901834,0.595515505,0.999985696,0.999992814
0.594024454,0.608183825,0.999989,0.999989274
0.600483196,0.600633571,0.999985696,0.999992814
0.588259835,0.579382722,0.9999706,0.999981614
0.583981121,0.585658554,0.999989922,0.999986207
0.52052911,0.526018258,0.999985063,0.99999168
0.524338789,0.523790581,0.999990314,0.99999168
0.514102703,0.526444138,0.999964815,0.999983243
0.524754004,0.525186315,0.999990235,0.99999168
0.517004777,0.526213446,0.999965028,0.999983243
0.512325524,0.519876083,0.999991925,0.999991541
0.526098558,0.518486092,0.999989907,0.999992642
0.517714747,0.522727093,0.999975715,0.999991366
0.523873083,0.521446113,0.999990314,0.999992105
0.519800529,0.525025304,0.999985203,0.999991697
0.516225296,0.518276418,0.999993075,0.999991541
0.523811971,0.523103219,0.999990314,0.99999168
0.525578596,0.519949235,0.999989907,0.999992642
0.51711268,0.520020401,0.9999947,0.999992796
0.511860352,0.525176144,0.999964815,0.999982884
0.516493775,0.518300744,0.999993075,0.999991541
0.52064976,0.524133813,0.999985171,0.999991697
0.572682865,0.58546883,0.999963393,0.999960485
0.576311635,0.567799875,0.999987363,0.999985927
0.572744941,0.586198296,0.999963393,0.999960485
0.57259026,0.57908279,0.999978871,0.999968472
0.583115792,0.563949236,0.999924196,0.999986505
0.587915081,0.549991077,0.99962534,0.999708921
0.568049553,0.56682846,0.999988463,0.999986324
0.575082843,0.569925985,0.999987363,0.999985927
0.563646313,0.579069947,0.999934319,0.999953497
0.562440183,0.581520216,0.999934319,0.999953497
0.568128031,0.575606224,0.999977071,0.999966134
0.57644416,0.568941665,0.999987363,0.999985927
0.569789852,0.561830889,0.999988305,0.999986324
0.569312621,0.572502301,0.999987363,0.999985927
0.562996676,0.581373242,0.999934319,0.999953497
0.573536048,0.57087432,0.999987363,0.999985927
0.584657809,0.578489753,0.999970217,0.999981614
0.572101558,0.563155239,0.99999031,0.999986324
0.57251634,0.562503959,0.99999031,0.999986324
0.567988771,0.582287934,0.999961787,0.999955872
0.585500863,0.577648993,0.999970217,0.999981614
0.999999345,0.999998977,0.999998468,0.999998834
1,1,0.999998468,0.999998834
0.999979689,0.999978949,0.999998468,0.999998834
0.99999995,0.999999701,0.999998468,0.999998834
0.999709931,0.999579126,0.999998468,0.999998834
0.998716613,0.998982344,0.999998468,0.999998834
0.999999978,0.999999955,0.999998468,0.999998834
0.997569147,0.995768891,0.999998468,0.999998834
0.996441436,0.998075064,0.999998468,0.999998834
0.99230535,0.992412263,0.999998468,0.99999856
1,1,0.999998468,0.999998834
0.989979984,0.989415996,0.99999796,0.99999856
0.997233285,0.989082144,0.999998468,0.99999856
0.99999998,0.999999967,0.999998468,0.999998834
0.993005275,0.997950276,0.999998468,0.999998834
